Workbook

Sheet Reservas
A1: Fecha del paseo | B1: Código ref (agencia) | C1: Agencia | D1: Cliente | E1: Servicio | F1: Personas | G1: Importe cobrado al cliente (€) | H1: Comisión % | I1: Comisión (€) | J1: Pagar antes de | K1: Pagada | L1: Fecha de pago | M1: Método | N1: Notas
A2: 46346 | B2: test-agency | C2: =IF(B2="","",IFERROR(INDEX(Agencias!$A$2:$A$32,MATCH(B2,Agencias!$B$2:$B$32,0)),"¿Agencia nueva?")) | D2: Smith family (ejemplo) | E2: Paseo + personas extra | F2: 5 | G2: 180 | H2: =IF(G2="","",Ajustes!$B$2) | I2: =IF(G2="","",ROUND(G2*H2,2)) | J2: =IF(A2="","",A2+Ajustes!$B$3) | K2: Sí | L2: 46350 | M2: Wise | N2: Ejemplo: 150 € + 1 persona extra 30 €
A3: 46359 | B3: test-agency | C3: =IF(B3="","",IFERROR(INDEX(Agencias!$A$2:$A$32,MATCH(B3,Agencias!$B$2:$B$32,0)),"¿Agencia nueva?")) | D3: Jones couple (ejemplo) | E3: Paseo privado 3 h | F3: 2 | G3: 150 | H3: =IF(G3="","",Ajustes!$B$2) | I3: =IF(G3="","",ROUND(G3*H3,2)) | J3: =IF(A3="","",A3+Ajustes!$B$3) | K3: No | N3: Ejemplo: comisión aún sin pagar
C4: =IF(B4="","",IFERROR(INDEX(Agencias!$A$2:$A$32,MATCH(B4,Agencias!$B$2:$B$32,0)),"¿Agencia nueva?")) | H4: =IF(G4="","",Ajustes!$B$2) | I4: =IF(G4="","",ROUND(G4*H4,2)) | J4: =IF(A4="","",A4+Ajustes!$B$3)
C5: =IF(B5="","",IFERROR(INDEX(Agencias!$A$2:$A$32,MATCH(B5,Agencias!$B$2:$B$32,0)),"¿Agencia nueva?")) | H5: =IF(G5="","",Ajustes!$B$2) | I5: =IF(G5="","",ROUND(G5*H5,2)) | J5: =IF(A5="","",A5+Ajustes!$B$3)
C6: =IF(B6="","",IFERROR(INDEX(Agencias!$A$2:$A$32,MATCH(B6,Agencias!$B$2:$B$32,0)),"¿Agencia nueva?")) | H6: =IF(G6="","",Ajustes!$B$2) | I6: =IF(G6="","",ROUND(G6*H6,2)) | J6: =IF(A6="","",A6+Ajustes!$B$3)
C7: =IF(B7="","",IFERROR(INDEX(Agencias!$A$2:$A$32,MATCH(B7,Agencias!$B$2:$B$32,0)),"¿Agencia nueva?")) | H7: =IF(G7="","",Ajustes!$B$2) | I7: =IF(G7="","",ROUND(G7*H7,2)) | J7: =IF(A7="","",A7+Ajustes!$B$3)
C8: =IF(B8="","",IFERROR(INDEX(Agencias!$A$2:$A$32,MATCH(B8,Agencias!$B$2:$B$32,0)),"¿Agencia nueva?")) | H8: =IF(G8="","",Ajustes!$B$2) | I8: =IF(G8="","",ROUND(G8*H8,2)) | J8: =IF(A8="","",A8+Ajustes!$B$3)
C9: =IF(B9="","",IFERROR(INDEX(Agencias!$A$2:$A$32,MATCH(B9,Agencias!$B$2:$B$32,0)),"¿Agencia nueva?")) | H9: =IF(G9="","",Ajustes!$B$2) | I9: =IF(G9="","",ROUND(G9*H9,2)) | J9: =IF(A9="","",A9+Ajustes!$B$3)
C10: =IF(B10="","",IFERROR(INDEX(Agencias!$A$2:$A$32,MATCH(B10,Agencias!$B$2:$B$32,0)),"¿Agencia nueva?")) | H10: =IF(G10="","",Ajustes!$B$2) | I10: =IF(G10="","",ROUND(G10*H10,2)) | J10: =IF(A10="","",A10+Ajustes!$B$3)
C11: =IF(B11="","",IFERROR(INDEX(Agencias!$A$2:$A$32,MATCH(B11,Agencias!$B$2:$B$32,0)),"¿Agencia nueva?")) | H11: =IF(G11="","",Ajustes!$B$2) | I11: =IF(G11="","",ROUND(G11*H11,2)) | J11: =IF(A11="","",A11+Ajustes!$B$3)
C12: =IF(B12="","",IFERROR(INDEX(Agencias!$A$2:$A$32,MATCH(B12,Agencias!$B$2:$B$32,0)),"¿Agencia nueva?")) | H12: =IF(G12="","",Ajustes!$B$2) | I12: =IF(G12="","",ROUND(G12*H12,2)) | J12: =IF(A12="","",A12+Ajustes!$B$3)
C13: =IF(B13="","",IFERROR(INDEX(Agencias!$A$2:$A$32,MATCH(B13,Agencias!$B$2:$B$32,0)),"¿Agencia nueva?")) | H13: =IF(G13="","",Ajustes!$B$2) | I13: =IF(G13="","",ROUND(G13*H13,2)) | J13: =IF(A13="","",A13+Ajustes!$B$3)
C14: =IF(B14="","",IFERROR(INDEX(Agencias!$A$2:$A$32,MATCH(B14,Agencias!$B$2:$B$32,0)),"¿Agencia nueva?")) | H14: =IF(G14="","",Ajustes!$B$2) | I14: =IF(G14="","",ROUND(G14*H14,2)) | J14: =IF(A14="","",A14+Ajustes!$B$3)
C15: =IF(B15="","",IFERROR(INDEX(Agencias!$A$2:$A$32,MATCH(B15,Agencias!$B$2:$B$32,0)),"¿Agencia nueva?")) | H15: =IF(G15="","",Ajustes!$B$2) | I15: =IF(G15="","",ROUND(G15*H15,2)) | J15: =IF(A15="","",A15+Ajustes!$B$3)
... C301: =IF(B301="","",IFERROR(INDEX(Agencias!$A$2:$A$32,MATCH(B301,Agencias!$B$2:$B$32,0)),"¿Agencia nueva?")) | H301: =IF(G301="","",Ajustes!$B$2) | I301: =IF(G301="","",ROUND(G301*H301,2)) | J301: =IF(A301="","",A301+Ajustes!$B$3)

Sheet Agencias
A1: Agencia | B1: Código ref | C1: Enlace para la agencia | D1: Contacto | E1: Email / WhatsApp | F1: Total vendido (€) | G1: Comisión total (€) | H1: Comisión pendiente (€)
A2: Agencia de prueba | B2: test-agency | C2: =IF(B2="","",Ajustes!$B$4&B2) | D2: (nombre del advisor) | E2: advisor@example.com | F2: =IF(B2="","",SUMIFS(Reservas!$G$2:$G$301,Reservas!$B$2:$B$301,B2)) | G2: =IF(B2="","",SUMIFS(Reservas!$I$2:$I$301,Reservas!$B$2:$B$301,B2)) | H2: =IF(B2="","",SUMIFS(Reservas!$I$2:$I$301,Reservas!$B$2:$B$301,B2,Reservas!$K$2:$K$301,"No"))
C3: =IF(B3="","",Ajustes!$B$4&B3) | F3: =IF(B3="","",SUMIFS(Reservas!$G$2:$G$301,Reservas!$B$2:$B$301,B3)) | G3: =IF(B3="","",SUMIFS(Reservas!$I$2:$I$301,Reservas!$B$2:$B$301,B3)) | H3: =IF(B3="","",SUMIFS(Reservas!$I$2:$I$301,Reservas!$B$2:$B$301,B3,Reservas!$K$2:$K$301,"No"))
C4: =IF(B4="","",Ajustes!$B$4&B4) | F4: =IF(B4="","",SUMIFS(Reservas!$G$2:$G$301,Reservas!$B$2:$B$301,B4)) | G4: =IF(B4="","",SUMIFS(Reservas!$I$2:$I$301,Reservas!$B$2:$B$301,B4)) | H4: =IF(B4="","",SUMIFS(Reservas!$I$2:$I$301,Reservas!$B$2:$B$301,B4,Reservas!$K$2:$K$301,"No"))
C5: =IF(B5="","",Ajustes!$B$4&B5) | F5: =IF(B5="","",SUMIFS(Reservas!$G$2:$G$301,Reservas!$B$2:$B$301,B5)) | G5: =IF(B5="","",SUMIFS(Reservas!$I$2:$I$301,Reservas!$B$2:$B$301,B5)) | H5: =IF(B5="","",SUMIFS(Reservas!$I$2:$I$301,Reservas!$B$2:$B$301,B5,Reservas!$K$2:$K$301,"No"))
C6: =IF(B6="","",Ajustes!$B$4&B6) | F6: =IF(B6="","",SUMIFS(Reservas!$G$2:$G$301,Reservas!$B$2:$B$301,B6)) | G6: =IF(B6="","",SUMIFS(Reservas!$I$2:$I$301,Reservas!$B$2:$B$301,B6)) | H6: =IF(B6="","",SUMIFS(Reservas!$I$2:$I$301,Reservas!$B$2:$B$301,B6,Reservas!$K$2:$K$301,"No"))
C7: =IF(B7="","",Ajustes!$B$4&B7) | F7: =IF(B7="","",SUMIFS(Reservas!$G$2:$G$301,Reservas!$B$2:$B$301,B7)) | G7: =IF(B7="","",SUMIFS(Reservas!$I$2:$I$301,Reservas!$B$2:$B$301,B7)) | H7: =IF(B7="","",SUMIFS(Reservas!$I$2:$I$301,Reservas!$B$2:$B$301,B7,Reservas!$K$2:$K$301,"No"))
C8: =IF(B8="","",Ajustes!$B$4&B8) | F8: =IF(B8="","",SUMIFS(Reservas!$G$2:$G$301,Reservas!$B$2:$B$301,B8)) | G8: =IF(B8="","",SUMIFS(Reservas!$I$2:$I$301,Reservas!$B$2:$B$301,B8)) | H8: =IF(B8="","",SUMIFS(Reservas!$I$2:$I$301,Reservas!$B$2:$B$301,B8,Reservas!$K$2:$K$301,"No"))
C9: =IF(B9="","",Ajustes!$B$4&B9) | F9: =IF(B9="","",SUMIFS(Reservas!$G$2:$G$301,Reservas!$B$2:$B$301,B9)) | G9: =IF(B9="","",SUMIFS(Reservas!$I$2:$I$301,Reservas!$B$2:$B$301,B9)) | H9: =IF(B9="","",SUMIFS(Reservas!$I$2:$I$301,Reservas!$B$2:$B$301,B9,Reservas!$K$2:$K$301,"No"))
C10: =IF(B10="","",Ajustes!$B$4&B10) | F10: =IF(B10="","",SUMIFS(Reservas!$G$2:$G$301,Reservas!$B$2:$B$301,B10)) | G10: =IF(B10="","",SUMIFS(Reservas!$I$2:$I$301,Reservas!$B$2:$B$301,B10)) | H10: =IF(B10="","",SUMIFS(Reservas!$I$2:$I$301,Reservas!$B$2:$B$301,B10,Reservas!$K$2:$K$301,"No"))
C11: =IF(B11="","",Ajustes!$B$4&B11) | F11: =IF(B11="","",SUMIFS(Reservas!$G$2:$G$301,Reservas!$B$2:$B$301,B11)) | G11: =IF(B11="","",SUMIFS(Reservas!$I$2:$I$301,Reservas!$B$2:$B$301,B11)) | H11: =IF(B11="","",SUMIFS(Reservas!$I$2:$I$301,Reservas!$B$2:$B$301,B11,Reservas!$K$2:$K$301,"No"))
C12: =IF(B12="","",Ajustes!$B$4&B12) | F12: =IF(B12="","",SUMIFS(Reservas!$G$2:$G$301,Reservas!$B$2:$B$301,B12)) | G12: =IF(B12="","",SUMIFS(Reservas!$I$2:$I$301,Reservas!$B$2:$B$301,B12)) | H12: =IF(B12="","",SUMIFS(Reservas!$I$2:$I$301,Reservas!$B$2:$B$301,B12,Reservas!$K$2:$K$301,"No"))
C13: =IF(B13="","",Ajustes!$B$4&B13) | F13: =IF(B13="","",SUMIFS(Reservas!$G$2:$G$301,Reservas!$B$2:$B$301,B13)) | G13: =IF(B13="","",SUMIFS(Reservas!$I$2:$I$301,Reservas!$B$2:$B$301,B13)) | H13: =IF(B13="","",SUMIFS(Reservas!$I$2:$I$301,Reservas!$B$2:$B$301,B13,Reservas!$K$2:$K$301,"No"))
C14: =IF(B14="","",Ajustes!$B$4&B14) | F14: =IF(B14="","",SUMIFS(Reservas!$G$2:$G$301,Reservas!$B$2:$B$301,B14)) | G14: =IF(B14="","",SUMIFS(Reservas!$I$2:$I$301,Reservas!$B$2:$B$301,B14)) | H14: =IF(B14="","",SUMIFS(Reservas!$I$2:$I$301,Reservas!$B$2:$B$301,B14,Reservas!$K$2:$K$301,"No"))
... C32: =IF(B32="","",Ajustes!$B$4&B32) | F32: =IF(B32="","",SUMIFS(Reservas!$G$2:$G$301,Reservas!$B$2:$B$301,B32)) | G32: =IF(B32="","",SUMIFS(Reservas!$I$2:$I$301,Reservas!$B$2:$B$301,B32)) | H32: =IF(B32="","",SUMIFS(Reservas!$I$2:$I$301,Reservas!$B$2:$B$301,B32,Reservas!$K$2:$K$301,"No"))
A34: TOTAL | F34: =SUM(F2:F33) | G34: =SUM(G2:G33) | H34: =SUM(H2:H33)

Sheet Ajustes
A1: Ajustes
A2: Comisión para agencias | B2: 0.15
A3: Días para pagar la comisión | B3: 7
A4: Enlace base para agencias | B4: https://300sun.com/cruise/?ref=
A6: Cómo usar esta hoja
A7: • Rellena solo las celdas en azul (con fondo amarillo las más importantes). Lo negro se calcula solo.
A8: • Agencias: una fila por agencia. El "código ref" va en minúsculas y con guiones (ej. sunny-cruises); el enlace sale solo.
A9: • Reservas: una fila por paseo o paella vendido por una agencia. Pon lo que pagó el cliente (sin propinas, entradas ni comida).
A10: • Cuando pagues la comisión, cambia "Pagada" a Sí y pon fecha y método. La hoja Agencias te dice cuánto debes a cada una.
A11: • Las filas de "test-agency" son un ejemplo: bórralas cuando tengas reservas reales.
